profile,layer_position,layer_index,head_index,auc,null_mean,null_q95,p_value_perm_ge
edges_narrow_bal_0.55,1,7,11,0.7918483355902443,0.5266963289236769,0.5658353298314013,0.0
constant_2.6,4,19,4,0.7807574054998907,0.5128211911227644,0.5296075631301308,0.0
edges_narrow_bal_0.55,4,19,6,0.7727117155994703,0.5316459576494397,0.5783626731745063,0.0
edges_narrow_bal_0.55,7,31,6,0.7724289817115818,0.531160548206128,0.5807130846267168,0.0
edges_narrow_bal_0.55,3,15,4,0.7696165235636374,0.5278486927277867,0.5674506331751016,0.0
edges_narrow_bal_0.55,0,3,9,0.7549590035862561,0.5283192214401571,0.5771677504799035,0.0
edges_narrow_bal_0.55,0,3,4,0.7522804720167855,0.5267829347777563,0.5620496718798828,0.0
edges_narrow_bal_0.55,7,31,10,0.7499739587208524,0.5287525483251738,0.5730807577268194,0.0
edges_narrow_bal_0.55,1,7,9,0.7498846743352034,0.5261811580184819,0.5530259966369548,0.0
edges_narrow_bal_0.55,7,31,5,0.7436794095325964,0.5338619961012485,0.5677794973289088,0.0
edges_narrow_bal_0.55,2,11,9,0.7436794095325963,0.5341057424740702,0.5719691671254892,0.0
edges_narrow_bal_0.55,0,3,5,0.7428014464070475,0.5276501837770271,0.5716812249817711,0.0
edges_narrow_bal_0.55,0,3,6,0.7427716849451645,0.5295968809987945,0.5744125831460841,0.0
edges_narrow_bal_0.55,7,31,8,0.7416258686626688,0.5299980655049775,0.5733664677608964,0.0
edges_narrow_bal_0.55,0,3,12,0.7409264743084181,0.5224350828112676,0.5669171589708486,0.0
edges_narrow_bal_0.55,7,31,11,0.7396764929093317,0.5260243151143587,0.5837055996190533,0.0
constant_2.6,5,23,14,0.7393287448887225,0.5149568467709211,0.5369207869026438,0.0
edges_narrow_bal_0.55,0,3,8,0.7392747131739111,0.5320879153584024,0.5768686477879793,0.0
edges_narrow_bal_0.55,0,3,7,0.7389919792860226,0.526263299653279,0.5762332405767772,0.0
edges_narrow_bal_0.55,7,31,4,0.7377271171559946,0.5294641448787964,0.5724274936384876,0.0
constant_2.6,3,15,12,0.7367340887099293,0.5170487249118206,0.5367678387489466,0.0
edges_narrow_bal_0.55,3,15,5,0.7360307138286633,0.5313819734825375,0.5627096322971384,0.0
edges_narrow_bal_0.55,0,3,1,0.735435484591003,0.5271460246127289,0.5687660897903304,0.0
constant_2.6,7,31,10,0.7340106751568499,0.5144266004931798,0.5293463417298748,0.0
edges_narrow_bal_0.55,2,11,4,0.7339771729587358,0.5257900924093392,0.560716358387524,0.0
edges_narrow_bal_0.55,0,3,2,0.7339027693040283,0.5269726640972606,0.5579050162944004,0.0
edges_narrow_bal_0.55,2,11,3,0.7335456317614322,0.5310537045579679,0.567424591895954,0.0
edges_narrow_bal_0.55,6,27,14,0.7315664945462121,0.5344506778172944,0.5931503995476257,0.0
constant_2.6,7,31,6,0.7314940537503511,0.5155245497393639,0.5379486999406936,0.0
edges_narrow_bal_0.55,0,3,14,0.7314176872367971,0.5308370411154594,0.5715964048154045,0.0
edges_narrow_bal_0.55,7,31,1,0.7306736506897219,0.532468564455886,0.5716760167259415,0.0
edges_narrow_bal_0.55,4,19,5,0.7294236692906355,0.5306156158390501,0.5769795092334936,0.0
edges_narrow_bal_0.55,0,3,10,0.729319504174045,0.5337578309846579,0.5780092558146456,0.0
edges_narrow_bal_0.55,7,31,7,0.7276975045014211,0.5318033957828008,0.5808232020356842,0.0
edges_narrow_bal_0.55,3,15,14,0.7270725138018781,0.5237957768485587,0.5587186202586271,0.0
edges_narrow_bal_0.55,4,19,8,0.7256737250933766,0.5265618071159656,0.5777384265115102,0.0
edges_narrow_bal_0.55,3,15,0,0.7238433951875716,0.5293727771908157,0.564211098049136,0.0
constant_2.6,6,27,1,0.7236515591347503,0.5135163248743639,0.5296323391703344,0.0
constant_2.6,1,7,4,0.7235579174079971,0.5144822392858258,0.5268466928863501,0.0
edges_narrow_bal_0.55,1,7,12,0.7232184044880285,0.523044002321394,0.5660674692340888,0.0
baseline,4,19,4,0.7227186609031546,0.5154430240044147,0.5329590729329532,0.0
constant_2.6,5,23,15,0.7220050254393358,0.515524315635047,0.5326907169834878,0.0
edges_narrow_bal_0.55,5,23,6,0.7219312212615884,0.5280763679111917,0.5750569187958512,0.0
edges_narrow_bal_0.55,6,27,6,0.7218940194342346,0.5267165667177572,0.5879458639008348,0.0
edges_narrow_bal_0.55,1,7,6,0.719721432716775,0.5309825746640676,0.568198389904912,0.0
edges_narrow_bal_0.55,3,15,9,0.7197065519858336,0.5314300382434783,0.5763359176202735,0.0
edges_narrow_bal_0.55,5,23,0,0.7193940566360619,0.5257278909540039,0.5592067082335085,0.0
edges_narrow_bal_0.55,1,7,0,0.719155964940998,0.5312739393759021,0.5788656418803292,0.0
constant_2.6,4,19,12,0.7190631145238319,0.5147417829384775,0.5361498033523738,0.0
edges_narrow_bal_0.55,1,7,13,0.7185607357033377,0.5347816252734334,0.5776945283552327,0.0
edges_narrow_bal_0.55,2,11,0,0.7179357450037946,0.5294852755167334,0.5725934137884853,0.0
edges_narrow_bal_0.55,4,19,0,0.7167601672594158,0.5265707355545304,0.5643948750762637,0.0
edges_narrow_bal_0.55,7,31,15,0.7162095802145801,0.5258859243166024,0.5674885790390024,0.0
edges_narrow_bal_0.55,4,19,9,0.7158078004791595,0.5331367092751595,0.5749676344102022,0.0
edges_narrow_bal_0.55,2,11,15,0.7144090117706581,0.5277531584351423,0.5786320144045475,0.0
edges_narrow_bal_0.55,7,31,2,0.7142155622684185,0.5306171039121442,0.5745710629306111,0.0
edges_narrow_bal_0.55,5,23,3,0.7127423699052098,0.5245764199937502,0.5642103540125891,0.0
constant_2.6,1,7,1,0.7112596372943784,0.5161197209476542,0.537207759777757,0.0
edges_narrow_bal_0.55,1,7,2,0.7111054895016443,0.5310031100727668,0.5654142051457568,0.0
constant_2.6,3,15,13,0.7106041452071044,0.5132153447576239,0.5287963916721291,0.0
edges_narrow_bal_0.55,6,27,4,0.710093599797622,0.5250305799020848,0.5608197794675674,0.0
edges_narrow_bal_0.55,4,19,3,0.7099001502953824,0.5292590884064227,0.5713776580705644,0.0
edges_narrow_bal_0.55,0,3,11,0.7098852695644411,0.525686820136605,0.5481875269713248,0.0
edges_narrow_bal_0.55,6,27,8,0.7093718843469592,0.5265985625213911,0.5604031190012053,0.0
constant_2.6,2,11,11,0.708766426319568,0.5163064581577551,0.5366057215095046,0.0
constant_2.6,2,11,10,0.7083762524580953,0.513046321440834,0.5318327246621095,0.0
edges_narrow_bal_0.55,5,23,10,0.7074894718828589,0.5317605392776894,0.5733664677608964,0.0
edges_narrow_bal_0.55,6,27,7,0.7058525914792934,0.5273784616300352,0.5744616895581911,0.0
edges_narrow_bal_0.55,4,19,10,0.7052871237035163,0.5292278388714453,0.5630794184610348,0.0
edges_narrow_bal_0.55,7,31,3,0.7052201604142795,0.5250225443073763,0.5630362643413044,0.0
constant_2.6,2,11,8,0.7048412772731528,0.5138553079252114,0.5349203655148734,0.0
constant_2.6,2,11,6,0.7044003808096888,0.5181661048163063,0.5443971033492524,0.0
edges_narrow_bal_0.55,6,27,9,0.703382390143004,0.5283082096992606,0.5713270635853633,0.0
edges_narrow_bal_0.55,6,27,5,0.7006443356497671,0.5341703248463564,0.5717586047826669,0.0
edges_narrow_bal_0.55,3,15,3,0.7005848127260011,0.5249133197422658,0.5663330902813946,0.0
edges_narrow_bal_0.55,6,27,0,0.700525289802235,0.5375039061918723,0.5865292183152037,0.0
edges_narrow_bal_0.55,7,31,0,0.6997812532551599,0.5276347078168478,0.5658011041502359,0.0
edges_narrow_bal_0.55,6,27,11,0.6992009047484413,0.5250671865002008,0.5649283492805166,0.0
constant_2.6,2,11,5,0.6967958922495865,0.5123503293067391,0.5278182258014171,0.0
edges_narrow_bal_0.55,0,3,3,0.6964777309861461,0.5286912397136946,0.5662534783708576,0.0
edges_narrow_bal_0.55,5,23,9,0.6958676210175444,0.5288457017008676,0.5587186202586272,0.0
edges_narrow_bal_0.55,7,31,13,0.692698025327004,0.5274231038228598,0.5698352703084775,0.0
baseline,5,23,14,0.6919746160213373,0.5107718568932218,0.5356966798491676,0.0
edges_narrow_bal_0.55,6,27,2,0.6911950715019122,0.5278597044686835,0.5647014181336587,0.0
constant_2.6,4,19,14,0.6907091800106127,0.5152081967724816,0.5403547070574648,0.0
edges_narrow_bal_0.55,5,23,11,0.6896921176768203,0.5291439115489355,0.5667043645183851,0.0
edges_narrow_bal_0.55,5,23,4,0.6890373655153941,0.530867695421199,0.5739140786595438,0.0
edges_narrow_bal_0.55,1,7,10,0.6879808336185473,0.5312349518608355,0.5706373417062246,0.0
edges_narrow_bal_0.55,3,15,2,0.6874897694974778,0.5273659618160443,0.5757741700272317,0.0
edges_narrow_bal_0.55,0,3,13,0.6862100266365083,0.5265996041725569,0.561022901444919,0.0
edges_narrow_bal_0.55,2,11,1,0.6862100266365083,0.5301028258508058,0.5664930581390157,0.0
edges_narrow_bal_0.55,5,23,12,0.6825196053630154,0.5284150533474203,0.5609403133881936,0.0
baseline,2,11,5,0.6817106594316196,0.5124617676814127,0.5336107789938379,0.0
edges_narrow_bal_0.55,2,11,13,0.6816267615065252,0.5320283924346364,0.5725629082900552,0.0
constant_2.6,5,23,7,0.6814425508006368,0.5156278677778818,0.5343473951993009,0.0
edges_narrow_bal_0.55,5,23,7,0.6813589083495782,0.5336081308313865,0.5945447240368446,0.0
baseline,5,23,15,0.6809822496091236,0.5143485698519269,0.5372999172261566,0.0
baseline,3,15,12,0.6806805849351605,0.5149142279039823,0.5362834544284006,0.0
edges_narrow_bal_0.55,6,27,12,0.6788589455514056,0.5259263999047633,0.5667147810300441,0.0
baseline,2,11,6,0.678752874091787,0.5148643428676539,0.5338296698243356,0.0
edges_narrow_bal_0.55,5,23,2,0.678546450201634,0.5303444889212957,0.5620563682088064,0.0
edges_narrow_bal_0.55,4,19,11,0.6784125236231604,0.5288323090430203,0.5727161798187527,0.0
edges_narrow_bal_0.55,5,23,5,0.6780702668115058,0.5319230368595707,0.5733753961994613,0.0
constant_2.6,5,23,8,0.6768775166214066,0.5152610263133253,0.534993132940038,0.0
baseline,6,27,1,0.6767258346362549,0.513119764554401,0.5291338177136026,0.0
edges_narrow_bal_0.55,5,23,13,0.6764185056769988,0.5251526018958051,0.568395559589887,0.0
constant_2.6,3,15,10,0.6757187002528326,0.5152067921465805,0.5358427365233949,0.0
constant_2.6,6,27,13,0.6753948559478103,0.5142437650216937,0.5317334254143646,0.0
baseline,6,27,2,0.6737091878966246,0.5139692817069805,0.5348095281890922,0.0
edges_narrow_bal_0.55,3,15,6,0.672728084403506,0.5353438192884034,0.5744542491927203,0.0
constant_2.6,1,7,11,0.6726168180541249,0.5161556949776821,0.5344855167462621,0.0
edges_narrow_bal_0.55,2,11,12,0.6714334608115952,0.5304992485230873,0.5726112706656151,0.0
edges_narrow_bal_0.55,1,7,14,0.6713144149640632,0.5276998854183718,0.561438817874734,0.0
constant_2.6,4,19,2,0.6710483191310048,0.5148788119986265,0.5326911071573492,0.0
constant_2.6,1,7,5,0.6710366139151605,0.5138674033149172,0.5326255579486219,0.0
baseline,1,7,1,0.670979490481008,0.5150679297342041,0.5391060424905729,0.0
edges_narrow_bal_0.55,6,27,15,0.6709275159595839,0.5305191887025491,0.5845880269638845,0.0
baseline,2,11,8,0.6708617676814127,0.5126975075876024,0.5273854501977375,0.0
baseline,3,15,10,0.6703504092706705,0.5152327416536375,0.5370311781477053,0.0
baseline,7,31,0,0.6702179711211257,0.5158788190931667,0.5399302860296147,0.0
baseline,5,23,11,0.6700487445967074,0.5149773567552652,0.5412519083969465,0.0
constant_2.6,1,7,8,0.6696202827980149,0.5167985454318444,0.5420353809657583,0.0
edges_narrow_bal_0.55,2,11,14,0.6695882501748486,0.5270010862933587,0.5604440410112944,0.0
baseline,4,19,12,0.6689855605628622,0.5116525705876944,0.5252500689782029,0.0
constant_2.6,6,27,10,0.6684146455660642,0.5152753847114273,0.5331472204014108,0.0
edges_narrow_bal_0.55,5,23,1,0.6682787458519963,0.523473162601747,0.5567305546048422,0.0
baseline,0,3,11,0.6678414421042951,0.5168689414145132,0.5406991630644716,0.0
constant_2.6,6,27,2,0.6678059743421669,0.5139194525080375,0.5303773761588163,0.0
baseline,5,23,7,0.6677273981421871,0.5130646555688403,0.5296510622643245,0.0
edges_narrow_bal_0.55,6,27,3,0.6671031681076174,0.5282763649350457,0.5654625675213166,0.0
edges_narrow_bal_0.55,4,19,1,0.6670436451838514,0.5286885611821254,0.5681931816490826,0.0
baseline,2,11,11,0.6668775866826083,0.5163639106042491,0.5336985192679113,0.0
constant_2.6,3,15,8,0.6660657989199987,0.5127769454068734,0.5266102475262978,0.0
constant_2.6,1,7,3,0.6659994693635485,0.5140555451509192,0.5327978197084621,0.0
baseline,7,31,2,0.6659652349857444,0.5161479628437415,0.5317487353996138,0.0
baseline,1,7,8,0.6658916582359975,0.5134118642508967,0.5296319323093902,0.0
edges_narrow_bal_0.55,1,7,8,0.6654067647802859,0.5284379696730703,0.5595764943974048,0.0
edges_narrow_bal_0.55,3,15,10,0.665377003318403,0.5303745479977977,0.5730167705837711,0.0
constant_2.6,1,7,15,0.6652659425039797,0.5136941661204232,0.5320736570215688,0.0
edges_narrow_bal_0.55,6,27,10,0.6648561777354504,0.5282150563235664,0.5696730703412152,0.0
baseline,1,7,10,0.6638388669180539,0.5145898280143474,0.5309095925687483,0.0
baseline,6,27,12,0.6638204727306171,0.5138491308746436,0.529721879885956,0.0
constant_2.6,0,3,0,0.6635062583887381,0.5170022942223057,0.5397355011393077,0.0
baseline,5,23,3,0.6634893773567553,0.514742720500322,0.5324951715257978,0.0
baseline,7,31,1,0.6628198289340568,0.514744118458567,0.5365906373585948,0.0
constant_2.6,2,11,14,0.6623747541904673,0.5155687174204827,0.5356023894247277,0.0
baseline,4,19,14,0.6621208498114596,0.512547484594868,0.5281477053251172,0.0
edges_narrow_bal_0.55,5,23,8,0.6618502700852665,0.5246219550304311,0.5584924331483162,0.0
edges_narrow_bal_0.55,3,15,7,0.6617609856996176,0.526058243180905,0.56943274653651,0.0
edges_narrow_bal_0.55,7,31,14,0.661418728887963,0.5279126798708353,0.5598205383848455,0.0
constant_2.6,3,15,15,0.661079376970378,0.512217826263383,0.5295818116552735,0.0
baseline,2,11,13,0.661065023452589,0.5131889266991632,0.5306739630276832,0.0
constant_2.6,4,19,7,0.6609272091644036,0.5168587882760556,0.533543051783875,0.0
baseline,5,23,4,0.6608001471534994,0.5126387197645546,0.5305610227168215,0.0
edges_narrow_bal_0.55,1,7,7,0.6605258850314727,0.5295611672445351,0.596407047514174,0.0
constant_2.6,2,11,7,0.6603926709741861,0.516331897493523,0.5428588429003964,0.0
baseline,6,27,0,0.6599282626689966,0.5134709463809436,0.5316839878598363,0.0
baseline,1,7,4,0.6589570495723351,0.515284686838959,0.5381898280143476,0.0
baseline,6,27,10,0.6589239400349489,0.5132742757288697,0.5333354180079095,0.0
late_boost_bal_0.60,7,31,6,0.658895021719381,0.5240832436311447,0.5546045851178343,0.0
constant_2.6,5,23,4,0.6582584199519306,0.5133912351343757,0.5286740721665574,0.0
edges_narrow_bal_0.55,2,11,2,0.6581747295427152,0.5270606092171249,0.5725212422434189,0.0
baseline,1,7,15,0.657864434838591,0.515348036420491,0.5381454980226248,0.0
baseline,2,11,10,0.6574597627149821,0.5159406971397038,0.5373957509427021,0.0
baseline,6,27,9,0.6571875287409179,0.5152813023084706,0.5398638830129678,0.0
baseline,5,23,13,0.6570771636162972,0.5154777522302956,0.5333197829485883,0.0
baseline,2,11,12,0.6569520831417273,0.5104921180906833,0.5279080290628162,0.0
baseline,1,7,3,0.656793893129771,0.5170979122597259,0.5376155614825715,0.0
constant_2.6,2,11,13,0.6567757592783345,0.5147709679433156,0.5380610700127977,0.0
baseline,5,23,6,0.6563579508875195,0.5136800147153501,0.5345764738342684,0.0
baseline,3,15,15,0.6560912351696864,0.5154404488181734,0.5350569300101168,0.0
baseline,4,19,2,0.6559845488825531,0.5125325485146693,0.5255578037340201,0.0
constant_2.6,6,27,12,0.6556481568186785,0.5146386990042764,0.5279598589131317,0.0
baseline,6,27,3,0.654527729237561,0.5151986756185046,0.5318212084981145,0.0
constant_2.6,7,31,2,0.653482691887505,0.5179580641133691,0.5394709632612292,0.0
baseline,3,15,8,0.65316655936724,0.5150316563965786,0.54130764278488,0.0
baseline,6,27,15,0.6528575370183022,0.5150784512094179,0.5337285017934332,0.0
baseline,3,15,13,0.6527582084061436,0.5154263956589716,0.5376013979582452,0.0
baseline,6,27,11,0.6527140623562955,0.5138270578497195,0.5320114043962109,0.0
baseline,2,11,15,0.6526588797939851,0.5162767221557988,0.5351279315736228,0.0
constant_2.6,7,31,9,0.6517386147267222,0.5136060648625027,0.5355504963011518,0.0
baseline,6,27,5,0.6516545571599375,0.516726423250253,0.5362483215303964,0.0
edges_narrow_bal_0.55,1,7,3,0.6516123271975119,0.5296001547596018,0.566981146113897,0.0
edges_narrow_bal_0.55,2,11,5,0.6510319786907933,0.5292903379413997,0.5688903438936921,0.0
baseline,5,23,10,0.6509408626873908,0.5147670744044881,0.5337110273153683,0.0
baseline,4,19,7,0.6505509059137313,0.5153177227995953,0.5321449461970017,0.0
baseline,6,27,8,0.6503816793893129,0.513137165455716,0.5295981789754438,0.0
constant_2.6,6,27,3,0.6501506071105284,0.5171177076505291,0.5404346926990667,0.0
constant_2.6,2,11,2,0.6499594219184068,0.5147901644972999,0.5326179495583232,0.0
baseline,2,11,9,0.6494950795548606,0.5126938287501149,0.5332519083969465,0.0
constant_2.6,5,23,13,0.6493780628648126,0.5149783843680745,0.5365526578643444,0.0
baseline,5,23,8,0.6491639841809989,0.514482920996965,0.5350280511358411,0.0
baseline,5,23,5,0.6491051227812011,0.5151644624298722,0.5328862319507036,0.0
baseline,2,11,7,0.648740917869953,0.5129738618596524,0.5341151476133542,0.0
baseline,3,15,7,0.6486857353076427,0.5139145406051688,0.533830405591833,0.0
constant_2.6,4,19,1,0.6485508942784906,0.5115145768954646,0.5288984221369042,0.0
constant_2.6,2,11,12,0.6482309517120829,0.5122280488185534,0.5289142241782938,0.0
baseline,4,19,1,0.6481817345718752,0.5171641313344985,0.5374547962843742,0.0
constant_2.6,3,15,1,0.6477939569872335,0.5136478915004528,0.5316700221618753,0.0
constant_2.6,6,27,0,0.647115054468271,0.515901067515685,0.5382107016886725,0.0
baseline,2,11,14,0.646691805389497,0.5153925503540882,0.5295824519451854,0.0
constant_2.6,6,27,8,0.6461883915472736,0.5137858569778695,0.533544124761994,0.0
baseline,5,23,12,0.6458603881173549,0.5155411018118273,0.5421037432171434,0.0
baseline,6,27,4,0.6458383150924308,0.5127468775866826,0.5288834728225881,0.0
edges_narrow_bal_0.55,1,7,5,0.6458237228612669,0.5238395261975268,0.5691105787116264,0.0
baseline,5,23,2,0.645529292743493,0.5159900671387841,0.5367490113124253,0.0
baseline,7,31,3,0.6454501977375149,0.51387929734204,0.5281641681228731,0.0
constant_2.6,7,31,0,0.6454216999094797,0.513393342073228,0.5338155882261135,0.0
baseline,1,7,5,0.6453343143566632,0.5139573622735216,0.5379442656120665,0.0
constant_2.6,6,27,11,0.6450939538658427,0.5152855292318257,0.5397577410494117,0.0
baseline,3,15,9,0.6447714522210981,0.5122762806953002,0.53314108341764,0.0
baseline,0,3,0,0.644271130322818,0.5170149912627607,0.5394369539225604,0.0
baseline,0,3,2,0.6441019037983997,0.515126975075876,0.5342476777338361,0.0
constant_2.6,7,31,8,0.6437517557823766,0.5159513219090426,0.5338237818772045,0.0
baseline,6,27,7,0.6435721512002207,0.5155491216775497,0.5324631656396578,0.0
edges_narrow_bal_0.55,3,15,11,0.6432939986012113,0.5242082707102573,0.5613316766119553,0.0
baseline,5,23,1,0.643274165363745,0.5139615561482573,0.5314728225880622,0.0
baseline,0,3,3,0.6430350409270671,0.5128787271222294,0.5387841442104294,0.0
baseline,5,23,0,0.6428106318403385,0.5141840522394925,0.5331128483399246,0.0
baseline,4,19,0,0.6428032741653638,0.5146139611882643,0.5390858088843925,0.0
constant_2.6,6,27,15,0.6427646159128507,0.5138546836470331,0.5348575475231763,0.0
edges_narrow_bal_0.55,0,3,0,0.6427285308254341,0.5296459874109016,0.5765509441823783,0.0
baseline,1,7,13,0.6422109813298997,0.5154469235721512,0.5390479168582727,0.0
baseline,2,11,3,0.6415414329072013,0.5123500045985467,0.5269612802354456,0.0
baseline,1,7,7,0.6414641773199669,0.5142969189736043,0.5348229559459211,0.0
constant_2.6,6,27,5,0.6410283422292974,0.5168967912101634,0.5344492305771451,0.0
baseline,2,11,2,0.6409233882093259,0.5130510438701369,0.5275372022440908,0.0
baseline,1,7,14,0.6405996505104387,0.5152891014439437,0.5310854410006438,0.0
edges_narrow_bal_0.55,1,7,15,0.640392256067618,0.530042707697802,0.5659826490677221,0.0
baseline,6,27,6,0.6403127011864251,0.5125750022992736,0.5353190471810908,0.0
baseline,2,11,4,0.6391980134277568,0.5153516416812287,0.5357064287685092,0.0
late_boost_bal_0.60,7,31,10,0.6391681744268604,0.5204717953415934,0.5544331966806373,0.0
baseline,3,15,0,0.6387675894417364,0.514476225512738,0.533231122965143,0.0
constant_2.6,6,27,9,0.6387380216624527,0.5124251646533695,0.5262167571870024,0.0
baseline,4,19,11,0.6383040559183298,0.5154521475213831,0.5334286765382139,0.0
baseline,6,27,13,0.6378037340200496,0.5134685919249518,0.5356779177779822,0.0
edges_narrow_bal_0.55,4,19,13,0.6377211648636181,0.5344494873588193,0.5668576360470826,0.0
constant_2.6,4,19,15,0.6377157661453944,0.515393451321909,0.5347215719324532,0.0
baseline,7,31,7,0.6374965510898556,0.5136913455348109,0.535728869677182,0.0
constant_2.6,5,23,6,0.6374153322720604,0.5122371008521397,0.5304990128601305,0.0
baseline,1,7,6,0.6368104478984641,0.5138912167754988,0.5323699071093534,0.0
baseline,3,15,6,0.6367883748735399,0.5145538489837211,0.5394124896532696,0.0
edges_narrow_bal_0.55,4,19,7,0.6366274311394176,0.5308426957932174,0.5861118138122945,0.0
edges_narrow_bal_0.55,4,19,2,0.636582788946593,0.5244707668040653,0.5627535304534159,0.0
baseline,3,15,3,0.636560286949324,0.5131853950151752,0.5337548054814678,0.0
constant_2.6,5,23,11,0.6354176421013205,0.5171133377032805,0.5358552220869619,0.0
constant_2.6,5,23,3,0.634980647376471,0.5155442925367544,0.5374760043075194,0.0
constant_2.6,7,31,1,0.6349338265130942,0.514698785778943,0.5279735149982833,0.0
baseline,0,3,1,0.6343309114319875,0.514282203623655,0.5356666973236457,0.0
baseline,7,31,4,0.6331316104111101,0.5142345994665685,0.5379711211257243,0.0
baseline,0,3,14,0.6327011864250898,0.5141880253839787,0.5334161684907569,0.0
constant_2.6,5,23,5,0.6325381590036521,0.5145268751755782,0.5372456066423199,0.0
baseline,3,15,1,0.6323480180263037,0.5128086084797203,0.5270631840338453,0.0
edges_narrow_bal_0.55,2,11,11,0.6321483311260249,0.5261802651746256,0.5623904406184431,0.0
baseline,1,7,12,0.6315497102915479,0.5154190379839971,0.5328626873907845,0.0
constant_2.6,5,23,10,0.6308096887973281,0.5156426943846177,0.5372253176015231,0.0
triad_odd_bal_0.45,5,23,8,0.6306001791579576,0.5252696327261869,0.5586873693639892,0.0
constant_2.6,5,23,2,0.6301034741080626,0.5131386365764586,0.5255226378874426,0.0
baseline,7,31,13,0.6295888899107882,0.5130383886691806,0.5349993562034397,0.0
late_boost_bal_0.60,1,7,11,0.6295872172472498,0.5193778103504875,0.5498373909259556,0.0
baseline,3,15,5,0.6294417364112941,0.5173288696771821,0.5387217879150189,0.0
constant_2.6,3,15,7,0.6291280394543809,0.5147578581015699,0.5349911820707308,0.0
baseline,3,15,11,0.6285404212268924,0.514501241607652,0.5362177871792514,0.0
baseline,1,7,0,0.6285109905269934,0.515123774487262,0.5359900671387842,0.0
constant_2.6,6,27,4,0.6282072291413054,0.5122230545931267,0.5335251037862471,0.0
edges_narrow_bal_0.55,5,23,14,0.6279966071933454,0.5263106203776728,0.5543734468237079,0.0
baseline,0,3,8,0.6275434562678194,0.5141469695576197,0.5339672583463625,0.0
constant_2.6,4,19,0,0.6275205231451135,0.5164841433342695,0.5351856837406749,0.0
constant_2.6,5,23,12,0.6265684989231202,0.5170271092798953,0.5457597855604457,0.0
edges_narrow_bal_0.55,1,7,1,0.626478772637312,0.528179044954688,0.5695540244936831,0.0
edges_narrow_bal_0.55,2,11,8,0.6257198553592952,0.5276418505677003,0.5627371616493801,0.0
constant_2.6,3,15,11,0.6252887286574897,0.515468676842401,0.5391330726971939,0.0
constant_2.6,2,11,15,0.6244693635483971,0.5161382151886881,0.5385390329931017,0.0
constant_2.6,0,3,11,0.6239036114492619,0.5151460810937354,0.535431298186472,0.0
edges_narrow_bal_0.55,2,11,10,0.6235472686418357,0.5319813693248612,0.5885954078064314,0.0
baseline,4,19,9,0.6234673043318312,0.518445985468592,0.5385698519267912,0.0
edges_narrow_bal_0.55,7,31,12,0.6234282227943037,0.5317111352509636,0.5762391928691537,0.0
baseline,4,19,13,0.6233606180446978,0.5148680952818907,0.535229651430148,0.0
constant_2.6,6,27,7,0.623244217623373,0.5159940069294877,0.5415974108062553,0.0
edges_narrow_bal_0.55,3,15,15,0.6225353789378134,0.5255653933721224,0.5626620139581255,0.0
edges_narrow_bal_0.55,2,11,7,0.6225204982068719,0.5273153673308432,0.5619313700688978,0.0
constant_2.6,1,7,14,0.6219800543122015,0.513364781346568,0.5279992664731404,0.0
baseline,2,11,1,0.6210061620527914,0.5147650142554953,0.5334568196449923,0.0
constant_2.6,1,7,7,0.6209617005337578,0.513314995161844,0.5307099993757218,0.0
constant_2.6,3,15,9,0.6209187814089959,0.5134772294534443,0.5293249797109592,0.0
baseline,0,3,6,0.620763358778626,0.5139984916766303,0.5342924675802446,0.0
constant_2.6,6,27,6,0.6206300527515061,0.514470924243843,0.5304224412398164,0.0
constant_2.6,7,31,3,0.6202593875831071,0.5161696241845367,0.541612725130318,0.0
edges_narrow_bal_0.55,0,3,15,0.6201395812562314,0.5324893974792041,0.5631783753217958,0.0
baseline,0,3,10,0.6200533431435666,0.5137227995953279,0.5328807136944724,0.0
constant_2.6,4,19,13,0.6194770889908543,0.5179279817086495,0.5382626923557138,0.0
constant_2.6,2,11,9,0.6185036052064801,0.515649873583669,0.5383291194556294,0.0
constant_2.6,5,23,1,0.6175281705527983,0.5138553079252114,0.527113181633736,0.0
constant_2.6,2,11,4,0.6161235446514968,0.5141453631738303,0.5281467521927771,0.0
edges_narrow_bal_0.55,3,15,8,0.6158985729379027,0.528981413967054,0.565604678501808,0.0
baseline,1,7,9,0.6153848983721144,0.5145737882829028,0.5401092614733743,0.0
edges_narrow_bal_0.55,2,11,6,0.6150503712742369,0.5335304534158719,0.5728382018124729,0.0
constant_2.6,1,7,6,0.6135562006430065,0.5157662234291598,0.5390564035334144,0.0
baseline,0,3,12,0.6132695668168858,0.512063717465281,0.534983537202244,0.0
constant_2.6,3,15,3,0.6132557667696726,0.5175936417267534,0.5352219699097918,0.0
triad_odd_bal_0.45,5,23,14,0.613221857270827,0.5277045088085996,0.5582251418333831,0.0
baseline,3,15,2,0.6131408075048285,0.5138768693092982,0.5295005978110917,0.0
late_boost_bal_0.60,2,11,10,0.6129904037743628,0.5197581476307171,0.5448930826252586,0.0
baseline,5,23,9,0.6124933321070541,0.5150387197645544,0.536073024924124,0.0
triad_odd_bal_0.45,7,31,12,0.6123738429381905,0.5243308450283666,0.5552188713048671,0.0
baseline,7,31,15,0.6119415064839511,0.5137965234985742,0.5447445967074405,0.0
triad_odd_bal_0.45,5,23,9,0.6116930426993132,0.5228306957300687,0.5559247536578084,0.0
baseline,4,19,8,0.611286673411202,0.5149507955486068,0.5305735307642785,0.0
baseline,0,3,5,0.6107201324381496,0.5170636254943437,0.5358912903522487,0.0
constant_2.6,3,15,0,0.6092057620875863,0.5146830227549395,0.539202523644536,0.0
late_boost_bal_0.60,2,11,11,0.6091503866736901,0.5224021864431363,0.5760827245035842,0.0
constant_2.6,0,3,3,0.60858148390923,0.5133706339544901,0.5302322314823485,0.0
baseline,4,19,10,0.6075931205738987,0.51643344063276,0.5365150372482295,0.0
constant_2.6,1,7,10,0.6070715110653307,0.5153670755688736,0.5365434887785997,0.0
baseline,4,19,15,0.6069677182010484,0.5131393359698336,0.5304456911615929,0.0
constant_2.6,4,19,11,0.6068725223959797,0.5157674719855168,0.5346862611979898,0.0
baseline,7,31,5,0.6068499954014531,0.5121711395199118,0.5239446334958152,0.0
triad_odd_bal_0.45,0,3,0,0.6059361003284562,0.5227860256793073,0.5473197969543148,0.0
constant_2.6,2,11,3,0.6056707869026438,0.515051112775853,0.5446983175703093,0.0
edges_narrow_bal_0.55,3,15,1,0.6050802815434294,0.5289912352494754,0.577617892590884,0.0
triad_odd_bal_0.45,4,19,15,0.604777545535981,0.5276892206628843,0.5898375634517767,0.02
late_boost_bal_0.60,1,7,4,0.6043637251982991,0.5214401209261846,0.556897907457878,0.0
constant_2.6,5,23,9,0.6032712176545869,0.5147569997190747,0.5327435855417173,0.0
baseline,6,27,14,0.5991391520279592,0.5134515221190104,0.5299008553297158,0.0
baseline,0,3,15,0.5990214292283638,0.5163817161776878,0.5336085716913456,0.0
constant_2.6,3,15,6,0.5983472235228018,0.5161492180915815,0.5388498064737647,0.0
baseline,4,19,5,0.5980943621815507,0.5171373493975905,0.5411282994573714,0.0
baseline,3,15,14,0.5980134277568289,0.5154233790122321,0.537300652993654,0.0
late_boost_bal_0.60,2,11,8,0.5968440098023498,0.5190031223995909,0.5444415179900602,0.0
baseline,0,3,7,0.5959716729513473,0.5136231766761703,0.5375364664765934,0.0
edges_narrow_bal_0.55,7,31,9,0.5946935313462597,0.5326432642371391,0.5745747831133465,0.02
constant_2.6,1,7,13,0.5941411492961263,0.5150820145456817,0.5336199160345849,0.0
edges_narrow_bal_0.55,4,19,14,0.5939792562610675,0.5268457314623294,0.570948348982902,0.0
triad_odd_bal_0.45,7,31,9,0.5928336816960287,0.5282109286354136,0.5687166318303971,0.0
constant_2.6,0,3,4,0.5912460592439991,0.5176067515684989,0.5408490573399507,0.0
constant_2.6,1,7,0,0.5911134001310984,0.5155211942441552,0.53963015419671,0.0
late_boost_bal_0.60,3,15,12,0.5905610394765972,0.5201893288749436,0.540670208948843,0.0
late_boost_bal_0.60,1,7,1,0.5905381367901122,0.5207426577804243,0.5484987289009001,0.0
late_boost_bal_0.60,4,19,14,0.5902098649504921,0.5210811594866744,0.5458122437761949,0.0
constant_2.6,4,19,6,0.5900287167962044,0.514946468146206,0.538850391734557,0.0
constant_2.6,2,11,1,0.5893420108000125,0.5161706776539626,0.531873692917564,0.0
constant_2.6,7,31,14,0.5891196116989731,0.5160169491525423,0.5348926631707088,0.0
constant_2.6,3,15,5,0.5890805943128258,0.5168832131597838,0.5442145019820832,0.0
constant_2.6,3,15,4,0.5889908543246871,0.5129769485282641,0.5265616708805443,0.0
late_boost_bal_0.60,3,15,4,0.588927314507325,0.5207866309384758,0.5465481834352502,0.0
constant_2.6,5,23,0,0.5884875300433873,0.5125495520804071,0.5317002606361395,0.0
triad_odd_bal_0.45,7,31,2,0.5881397432069275,0.5308163630934605,0.5667130486712452,0.02
late_boost_bal_0.60,4,19,6,0.5880035728190917,0.5195488170762431,0.5479570803655269,0.0
edges_narrow_bal_0.55,3,15,12,0.5876995878037529,0.5307040073808426,0.568227407330248,0.02
constant_2.6,3,15,2,0.5873989449698785,0.5159031744545368,0.5418839935075069,0.0
constant_2.6,0,3,2,0.5873248119361988,0.5157817133314605,0.532046149764335,0.0
triad_odd_bal_0.45,6,27,8,0.5867184234099732,0.5283199761122723,0.5706154075843535,0.04
constant_2.6,1,7,12,0.5865366607360241,0.5132233823391702,0.5248767050597747,0.0
baseline,0,3,9,0.5857739354364021,0.5144821116527178,0.5291018118274625,0.0
late_boost_bal_0.60,4,19,12,0.5857362068570643,0.5198902197894482,0.5552225759414912,0.0
late_boost_bal_0.60,3,15,13,0.5852323477543917,0.5166943789173135,0.5360904350747009,0.0
late_boost_bal_0.60,4,19,4,0.5852170792967348,0.5200629060455457,0.5481551886036232,0.0
constant_2.6,0,3,15,0.5849876705059776,0.5140588226113556,0.533795299185317,0.0
edges_narrow_bal_0.55,5,23,15,0.584634157229803,0.5255326557640511,0.5538258359250606,0.02
edges_narrow_bal_0.55,4,19,15,0.584098450915909,0.5288629633487597,0.5771089715926845,0.06
baseline,7,31,9,0.5820288788742758,0.5143211257242711,0.5322310309942058,0.0
baseline,7,31,10,0.5817382507127749,0.5158476961280235,0.5328332566908857,0.0
constant_2.6,7,31,12,0.5812224927427662,0.512472219621063,0.5308791397446702,0.0
constant_2.6,7,31,13,0.5791935886631083,0.5125806879545525,0.5314099712832038,0.0
constant_2.6,0,3,14,0.5788385304491682,0.5115970596497799,0.5300309017698287,0.0
constant_2.6,4,19,9,0.5779294253519368,0.5132975153728502,0.5295053375784249,0.0
triad_odd_bal_0.45,1,7,11,0.5759808898178561,0.5320678411466111,0.5653944461033144,0.02
late_boost_bal_0.60,1,7,5,0.5741169105802777,0.5202482651214987,0.5454488544839643,0.0
edges_narrow_bal_0.55,4,19,4,0.5732652787904942,0.5272707251380185,0.5641850567699885,0.02
edges_narrow_bal_0.55,6,27,1,0.5729230219788395,0.5338780672906653,0.5751707563875538,0.08
late_boost_bal_0.60,2,11,6,0.5721472795425571,0.5223055371061691,0.5524502057424668,0.02
constant_2.6,0,3,1,0.5721236382932234,0.5185001716764992,0.5411838265130943,0.0
late_boost_bal_0.60,7,31,8,0.5709563398453306,0.5202268892807792,0.5514367618655002,0.02
late_boost_bal_0.60,5,23,7,0.570681507607509,0.5213369061524249,0.5467035399919077,0.0
late_boost_bal_0.60,3,15,1,0.5687042423409598,0.5207612852987658,0.5492487918832879,0.0
constant_2.6,7,31,7,0.56838967443893,0.5174214970190717,0.5447075841995193,0.0
triad_odd_bal_0.45,6,27,1,0.5682173783218871,0.5294284861152583,0.5647596297402209,0.02
late_boost_bal_0.60,2,11,14,0.5675820107031888,0.5191095435494582,0.536949285817893,0.02
triad_odd_bal_0.45,3,15,12,0.5667841146610928,0.526631710958495,0.5603774260973425,0.0
constant_2.6,4,19,8,0.5659081686799639,0.5159875300433874,0.5347443971033493,0.0
baseline,7,31,11,0.5654336429688218,0.5119097949048099,0.5253996137220639,0.0
triad_odd_bal_0.45,0,3,3,0.5653508510002986,0.5274847417139444,0.5575240370259779,0.04
edges_narrow_bal_0.55,1,7,4,0.5652594455439651,0.5281936280710109,0.5686537402717222,0.08
late_boost_bal_0.60,0,3,4,0.5651772286222507,0.522716563986289,0.5542125674674971,0.02
late_boost_bal_0.60,6,27,1,0.564673369519578,0.522414706578415,0.545696585209445,0.04
constant_2.6,7,31,15,0.5643942940974499,0.5145872740893341,0.5310816399787746,0.0
late_boost_bal_0.60,6,27,10,0.5638717754925986,0.5167962195298845,0.5373790929009306,0.0
late_boost_bal_0.60,5,23,15,0.5637419936025162,0.5213434715892175,0.5510928398567818,0.0
late_boost_bal_0.60,5,23,14,0.5631923291268732,0.5214317232744735,0.5556310071838093,0.0
late_boost_bal_0.60,7,31,12,0.5628258861431112,0.5201473406163877,0.5506783012314012,0.04
late_boost_bal_0.60,3,15,8,0.562719006939514,0.5209512249120156,0.5523612669766164,0.0
late_boost_bal_0.60,6,27,5,0.5623067585827818,0.5214115689103666,0.5541629449801129,0.02
triad_odd_bal_0.45,4,19,4,0.5618393550313526,0.5224305762914303,0.5492039414750671,0.02
triad_odd_bal_0.45,0,3,4,0.5617199163929532,0.5298532099134067,0.5650277694834278,0.08
late_boost_bal_0.60,6,27,7,0.5613448457504066,0.5204640084281884,0.557946087076014,0.04
triad_odd_bal_0.45,4,19,2,0.561015228426396,0.5293374738727978,0.5599157957599283,0.06
baseline,7,31,6,0.5606474753977743,0.5164850179343327,0.5425864066954842,0.0
triad_odd_bal_0.45,5,23,15,0.5602149895491191,0.5270710062705285,0.5564622275306061,0.04
late_boost_bal_0.60,2,11,2,0.5597798288405896,0.520680973211491,0.5461870844116682,0.02
late_boost_bal_0.60,2,11,5,0.5586041576010199,0.5181212162853369,0.5440395758422463,0.0
late_boost_bal_0.60,3,15,10,0.5585888891433632,0.5184965149745399,0.5440792738321538,0.04
late_boost_bal_0.60,7,31,14,0.5584514730244525,0.5202404782080938,0.5522692745192345,0.02
late_boost_bal_0.60,2,11,4,0.5581079327271755,0.5234364717648046,0.5502320805563826,0.0
triad_odd_bal_0.45,1,7,4,0.5573723499552106,0.5234608539862647,0.5518799641684085,0.02
constant_2.6,7,31,4,0.5568990542185599,0.5135869463432906,0.5339862892905078,0.02
constant_2.6,0,3,6,0.5558728969628867,0.5169024097137686,0.5342925757717639,0.0
triad_odd_bal_0.45,3,15,4,0.5557957599283369,0.5224238877276799,0.5510851000298597,0.04
late_boost_bal_0.60,2,11,7,0.5549626304498851,0.5165913168281306,0.5380844956446724,0.02
triad_odd_bal_0.45,4,19,7,0.5548402508211406,0.5287577187220065,0.5545673335323977,0.06
late_boost_bal_0.60,4,19,0,0.5537716907526586,0.5260666162807565,0.5660723419523777,0.14
late_boost_bal_0.60,4,19,1,0.5537487880661734,0.5207971661742588,0.5424306621166664,0.0
triad_odd_bal_0.45,1,7,8,0.5536458644371454,0.5238502239474471,0.5511979695431473,0.06
constant_2.6,4,19,10,0.553297749477167,0.5134077004713299,0.5370811483597091,0.0
late_boost_bal_0.60,6,27,3,0.5529777309545076,0.5188992968875249,0.5470180702196367,0.04
triad_odd_bal_0.45,1,7,5,0.5528097939683487,0.521289698417438,0.556489101224246,0.08
triad_odd_bal_0.45,0,3,9,0.55252314123619,0.5246026873693639,0.566265750970439,0.16
late_boost_bal_0.60,5,23,4,0.5523975295635511,0.5177723320278801,0.5514096603531594,0.06
late_boost_bal_0.60,6,27,11,0.5521761369275283,0.5248330775866676,0.55926337326035,0.08
late_boost_bal_0.60,2,11,9,0.5520616234951027,0.5213511058180458,0.5452831917183886,0.02
late_boost_bal_0.60,1,7,15,0.5520539892662742,0.5192515402056661,0.5536331294994237,0.06
triad_odd_bal_0.45,1,7,1,0.5514601373544341,0.5336372648551807,0.5698512988951926,0.2
baseline,1,7,2,0.551384162604617,0.5163081394279408,0.5388702290076336,0.02
constant_2.6,4,19,5,0.5512688453975092,0.513823391703343,0.5385132815182445,0.02
triad_odd_bal_0.45,2,11,14,0.5511854284861153,0.5252818154673037,0.5553508510002986,0.06
late_boost_bal_0.60,1,7,3,0.5507790730519356,0.5215158524761623,0.5543232637855087,0.08
late_boost_bal_0.60,6,27,2,0.5505347777294277,0.5189947247478797,0.5454919878768446,0.04
late_boost_bal_0.60,1,7,6,0.5503973616105169,0.5223437082503112,0.5462947270381482,0.04
triad_odd_bal_0.45,2,11,13,0.5499552105106001,0.5282548820543443,0.5640418035234398,0.18
late_boost_bal_0.60,0,3,9,0.549687378329478,0.5189877012573575,0.5493633053157135,0.06
triad_odd_bal_0.45,7,31,11,0.5494057927739623,0.5250068677217081,0.5540662884443117,0.1
triad_odd_bal_0.45,2,11,10,0.5490474768587639,0.528274469991042,0.5720853986264556,0.18
constant_2.6,0,3,8,0.5489824265692792,0.5133330992290165,0.5348721790429816,0.0
late_boost_bal_0.60,2,11,12,0.5488628816160136,0.524009038926933,0.5547171899930529,0.08
late_boost_bal_0.60,6,27,6,0.5488323447007,0.5207284581148035,0.5413954606875387,0.04
triad_odd_bal_0.45,3,15,14,0.5487369363989251,0.526083726485518,0.561008659301284,0.14
late_boost_bal_0.60,6,27,0,0.5487178312682744,0.5215303575109358,0.5432784432280573,0.02
triad_odd_bal_0.45,0,3,7,0.5485219468498059,0.5258059122126008,0.5674458047178262,0.1
constant_2.6,1,7,9,0.5478509223710085,0.5164825046040515,0.5413028295408433,0.02
triad_odd_bal_0.45,5,23,10,0.5476261570618095,0.5248014332636608,0.5584449089280382,0.14
triad_odd_bal_0.45,7,31,0,0.5473753359211705,0.5281930128396535,0.5699384891012242,0.18
triad_odd_bal_0.45,7,31,4,0.5470767393251718,0.5248836070468799,0.5439892505225441,0.04
late_boost_bal_0.60,6,27,13,0.5470535693836888,0.5207728893265848,0.5505618792417684,0.08
baseline,0,3,13,0.5462043594224226,0.5156080566540974,0.5390927986756184,0.02
triad_odd_bal_0.45,5,23,7,0.5458584652134966,0.520866646760227,0.5506479546133174,0.08
triad_odd_bal_0.45,0,3,10,0.5455359808898179,0.5236610331442221,0.559759331143625,0.08
late_boost_bal_0.60,0,3,13,0.5453816732702745,0.5212083457389552,0.5432261487605828,0.06
triad_odd_bal_0.45,4,19,10,0.5450343386085399,0.5265500149298297,0.5530325470289639,0.16
constant_2.6,0,3,5,0.5449519305802666,0.5142756032087896,0.5341915207416424,0.0
triad_odd_bal_0.45,7,31,6,0.544484920871902,0.5250706479546132,0.5596996118244251,0.12
late_boost_bal_0.60,7,31,11,0.5444808342685263,0.5198341845498479,0.5465710861217354,0.06
baseline,2,11,0,0.5443024004414605,0.5157897176492229,0.5354270210613447,0.04
late_boost_bal_0.60,5,23,12,0.5442976127766455,0.5202606325722009,0.5650730213987434,0.1
baseline,4,19,3,0.544265612066587,0.5158434286765382,0.5383780005518256,0.0
late_boost_bal_0.60,7,31,5,0.5441220255135927,0.5187208086175175,0.5395224026444969,0.04
late_boost_bal_0.60,3,15,9,0.5435418241226363,0.5168733252410508,0.5533640229332234,0.08
triad_odd_bal_0.45,0,3,12,0.5431352642579874,0.5253021200358314,0.5583869811884145,0.18
constant_2.6,0,3,10,0.5431220151699597,0.5146881730499111,0.5401416721291007,0.02
late_boost_bal_0.60,6,27,9,0.5429997938758216,0.5223241646245103,0.5511932299658749,0.1
late_boost_bal_0.60,2,11,15,0.5428471092992542,0.5200812281947339,0.5484479612791914,0.08
baseline,3,15,4,0.5427867193966707,0.5149875839234801,0.5343956589717649,0.02
late_boost_bal_0.60,4,19,13,0.5426867904938583,0.521597309697761,0.54772652665491,0.08
late_boost_bal_0.60,7,31,3,0.5421371260182153,0.5250283611600974,0.5531109482475628,0.14
late_boost_bal_0.60,3,15,15,0.542091320645245,0.5206157768972968,0.5498427348861354,0.1
late_boost_bal_0.60,4,19,2,0.5420531495011032,0.5233178358488119,0.5500919924573819,0.12
triad_odd_bal_0.45,2,11,5,0.542012541057032,0.5282658704090771,0.5640764407285757,0.18
late_boost_bal_0.60,6,27,4,0.5416561696020277,0.5211272702287978,0.548045637419936,0.1
triad_odd_bal_0.45,1,7,9,0.5415945058226336,0.5237162137951626,0.5611728874290833,0.16
late_boost_bal_0.60,3,15,2,0.5415340219407736,0.5208232752368518,0.5540919466520089,0.12
triad_odd_bal_0.45,1,7,3,0.5413436846819946,0.5254784114661094,0.5523708569722305,0.14
edges_narrow_bal_0.55,4,19,12,0.5403788634097707,0.528790642996384,0.5611144179402092,0.24
triad_odd_bal_0.45,0,3,5,0.5402806808002388,0.5256057330546432,0.5582908330845029,0.18
late_boost_bal_0.60,3,15,0,0.5401293238363527,0.5212886578262296,0.547784928505447,0.12
baseline,7,31,8,0.539755357307091,0.5151377540697142,0.5380485606548331,0.04
triad_odd_bal_0.45,2,11,0,0.5394446103314422,0.5247577187220066,0.560274708868319,0.22
triad_odd_bal_0.45,7,31,5,0.5393132278292028,0.5307951030158256,0.566765004478949,0.32
late_boost_bal_0.60,1,7,8,0.5381978639427738,0.5166107077693546,0.5315629556680332,0.04
late_boost_bal_0.60,3,15,3,0.5381978639427738,0.5253783142095901,0.5550649291161853,0.28
late_boost_bal_0.60,5,23,13,0.537548954492362,0.5232476009435907,0.5623403491896266,0.2
late_boost_bal_0.60,4,19,7,0.5374955148905634,0.5225721243768561,0.5486884394872852,0.14
late_boost_bal_0.60,7,31,1,0.5373657330004808,0.5196964630617837,0.545596195100352,0.14
triad_odd_bal_0.45,0,3,8,0.537234995521051,0.5310198865332937,0.5670755449387878,0.36
triad_odd_bal_0.45,5,23,6,0.5370438936996118,0.5243519856673634,0.5566413854882054,0.26
late_boost_bal_0.60,3,15,11,0.5361366221591126,0.5183207750269109,0.5475131499591569,0.08
late_boost_bal_0.60,5,23,2,0.5361213537014559,0.5183510065730708,0.5449575918588585,0.12
late_boost_bal_0.60,6,27,12,0.5361137194726275,0.5178731038484148,0.5481315224942552,0.12
late_boost_bal_0.60,5,23,8,0.5360984510149707,0.5202394094160578,0.5455805449312537,0.14
triad_odd_bal_0.45,2,11,2,0.5349537175276202,0.5258909525231413,0.5571113765303075,0.18
late_boost_bal_0.60,5,23,6,0.5345792394781241,0.5213597324966218,0.5563532052309735,0.2
constant_2.6,0,3,12,0.5343196928551363,0.5155141711146487,0.5401820551237632,0.12
late_boost_bal_0.60,2,11,13,0.533762376993488,0.5208321309422931,0.5463504569085954,0.2
triad_odd_bal_0.45,7,31,7,0.5333054643177068,0.5266733950432966,0.5578148701104807,0.3
triad_odd_bal_0.45,7,31,10,0.5326007763511496,0.5255156763212899,0.5607739623768289,0.26
triad_odd_bal_0.45,2,11,11,0.5325768886234696,0.5252223350253807,0.5600716631830397,0.24
triad_odd_bal_0.45,7,31,14,0.5324455061212302,0.5252901761719917,0.5535156763212901,0.28
constant_2.6,7,31,11,0.5323181009457815,0.5169713144177045,0.5332588101257921,0.06
triad_odd_bal_0.45,5,23,4,0.5321469095252315,0.5256831292923262,0.5599157957599283,0.28
late_boost_bal_0.60,5,23,5,0.5319683332188199,0.518941285146081,0.5406740260632572,0.2
triad_odd_bal_0.45,6,27,10,0.5319677515676321,0.5300533890713646,0.5640871902060316,0.4
triad_odd_bal_0.45,6,27,12,0.5316572111077934,0.5264800238877276,0.5650140340400119,0.32
baseline,4,19,6,0.5314558999356204,0.5151927894785248,0.5397638186333119,0.12
late_boost_bal_0.60,6,27,15,0.5304033163090031,0.5168826390002214,0.543444105993633,0.2
triad_odd_bal_0.45,6,27,15,0.5303792176769184,0.524052314123619,0.5616566139146013,0.34
triad_odd_bal_0.45,5,23,13,0.5301522842639594,0.5252765601672141,0.5716076440728576,0.36
triad_odd_bal_0.45,5,23,11,0.5299372947148402,0.5239247536578082,0.5526115258286055,0.32
triad_odd_bal_0.45,3,15,13,0.5299014631233203,0.5283812481337713,0.5641540758435354,0.34
late_boost_bal_0.60,5,23,11,0.5285329302460512,0.5156889509806167,0.5421470505156921,0.14
late_boost_bal_0.60,1,7,14,0.5282962691523716,0.5211478826466345,0.5543496018749665,0.3
late_boost_bal_0.60,5,23,3,0.5281741214911175,0.5189889227339701,0.5493961324996756,0.22
triad_odd_bal_0.45,1,7,10,0.5278829501343685,0.5224654523738428,0.5651884144520752,0.34
late_boost_bal_0.60,5,23,1,0.5275939201001612,0.5177872951163838,0.5418783256609333,0.28
constant_2.6,6,27,14,0.5275501763585854,0.5139190623341762,0.5308362206199082,0.12
late_boost_bal_0.60,4,19,8,0.5273801616929665,0.5178218018306882,0.5448556749039996,0.24
triad_odd_bal_0.45,0,3,14,0.5267841146610929,0.5281055837563451,0.5653926545237385,0.4
baseline,0,3,4,0.526754345626782,0.5153496551089857,0.5363524326312884,0.22
triad_odd_bal_0.45,6,27,11,0.5266049567034936,0.5244075246342191,0.5661403404001194,0.42
triad_odd_bal_0.45,4,19,9,0.5265332935204539,0.5221790385189609,0.5549369961182442,0.38
late_boost_bal_0.60,0,3,0,0.526044171648001,0.5208041896647811,0.5542965439846093,0.28
late_boost_bal_0.60,6,27,8,0.5259525609020606,0.5191195443892235,0.5491159563016742,0.34
triad_odd_bal_0.45,3,15,10,0.5259122126007763,0.5298524932815764,0.5651914004180353,0.5
constant_2.6,0,3,7,0.5257202609482786,0.5157008302899773,0.5316883603333645,0.16
late_boost_bal_0.60,0,3,3,0.5253418225957904,0.5239375825450993,0.5643966287245494,0.36
late_boost_bal_0.60,3,15,14,0.5251433326462527,0.518642634114315,0.5387364587866157,0.32
triad_odd_bal_0.45,2,11,6,0.5248253209913407,0.5225559868617498,0.5631024186324276,0.32
triad_odd_bal_0.45,3,15,11,0.5246819946252612,0.5233965959988056,0.5584478948939983,0.36
late_boost_bal_0.60,1,7,0,0.5246623762300651,0.5200403087282137,0.54727992426845,0.36
triad_odd_bal_0.45,1,7,15,0.5246222753060615,0.5236201851298895,0.557996416840848,0.46
late_boost_bal_0.60,3,15,5,0.5244409835940422,0.5156426875539167,0.543627327485514,0.18
triad_odd_bal_0.45,6,27,2,0.5241086891609436,0.5223094655120932,0.5631872200656912,0.44
late_boost_bal_0.60,4,19,9,0.5239371244913695,0.5177668353831238,0.5476123949339258,0.26
late_boost_bal_0.60,4,19,15,0.5236546580247197,0.5167241524097443,0.544033850170625,0.24
triad_odd_bal_0.45,4,19,1,0.5236309346073456,0.5288241266049567,0.5706198865332934,0.58
late_boost_bal_0.60,2,11,3,0.5234561680751819,0.5190258724014994,0.5453190725938819,0.36
late_boost_bal_0.60,4,19,5,0.5226545740482025,0.5199712952996054,0.5554176304880561,0.4
triad_odd_bal_0.45,6,27,4,0.5224365482233503,0.5222217975515079,0.5516052553000895,0.46
late_boost_bal_0.60,6,27,14,0.5223644733527243,0.5197460855491682,0.547124949423234,0.38
triad_odd_bal_0.45,4,19,3,0.5222812779934309,0.5231288145715137,0.5499713347267842,0.42
late_boost_bal_0.60,0,3,8,0.5222804968356121,0.5238180305216469,0.5670628831428594,0.38
triad_odd_bal_0.45,2,11,8,0.5217199163929531,0.5299200955509107,0.5713872797850104,0.56
late_boost_bal_0.60,1,7,7,0.5216850269869989,0.5267393445251128,0.5582484025376176,0.54
triad_odd_bal_0.45,4,19,8,0.5212541057031951,0.5262958495073156,0.5706192893401015,0.5
triad_odd_bal_0.45,7,31,13,0.521230217975515,0.5315060017915794,0.5699570020901761,0.58
triad_odd_bal_0.45,4,19,6,0.5211466109286355,0.5270767393251716,0.5633275604658107,0.56
triad_odd_bal_0.45,0,3,6,0.520955509107196,0.5308089578978801,0.5728145715138847,0.68
triad_odd_bal_0.45,2,11,7,0.5204299790982383,0.5283107793371155,0.5623732457449985,0.6
triad_odd_bal_0.45,4,19,12,0.5202269334129591,0.5281208719020603,0.5637778441325769,0.54
late_boost_bal_0.60,4,19,3,0.5201200100771821,0.5248738443686111,0.5563341196589026,0.52
constant_2.6,0,3,13,0.5198169304241971,0.5145179011767644,0.5369123981646221,0.3
triad_odd_bal_0.45,3,15,7,0.5197014034040012,0.5264907733651837,0.5734123618990743,0.46
triad_odd_bal_0.45,6,27,7,0.5196058524932816,0.5203205733054643,0.5490134368468199,0.46
late_boost_bal_0.60,0,3,15,0.519303147592546,0.5189858690424388,0.55188603623205,0.32
baseline,7,31,12,0.5188190931665594,0.5163535362825349,0.5430240044146051,0.36
triad_odd_bal_0.45,3,15,15,0.5188175574798447,0.5259757539564048,0.5705756942370857,0.5
late_boost_bal_0.60,7,31,9,0.518753483116903,0.5152867798059381,0.5372962615181428,0.32
late_boost_bal_0.60,5,23,10,0.5187229462015894,0.5187521089557139,0.5379795249982823,0.48
constant_2.6,0,3,9,0.5184318132159691,0.5143349096357338,0.5375571604707058,0.32
edges_narrow_bal_0.55,3,15,13,0.5180726477284564,0.5238243478519665,0.5628152854868231,0.52
late_boost_bal_0.60,0,3,10,0.5180053286917222,0.5224632602737637,0.5476761407446427,0.6
triad_odd_bal_0.45,1,7,2,0.5175395640489698,0.5206330247835176,0.5546790086593013,0.5
late_boost_bal_0.60,1,7,12,0.516860194367466,0.5188770049393461,0.5380631198039529,0.54
late_boost_bal_0.60,0,3,12,0.5167304124773835,0.5227950438586445,0.5656047454366396,0.54
triad_odd_bal_0.45,0,3,1,0.5166796058524933,0.5257005673335325,0.562746491489997,0.58
triad_odd_bal_0.45,6,27,14,0.5166796058524933,0.5245830994326666,0.5700961481039116,0.54
triad_odd_bal_0.45,4,19,0,0.5165840549417736,0.5248143326366077,0.5765834577485817,0.54
late_boost_bal_0.60,1,7,10,0.5162341876035392,0.5231827099985494,0.5524608936628266,0.58
constant_2.6,2,11,0,0.5161375909105098,0.5163886287729811,0.5359859303305553,0.48
triad_odd_bal_0.45,4,19,11,0.5161182442520156,0.5249765303075544,0.5560513586145117,0.64
triad_odd_bal_0.45,6,27,0,0.5158435353836966,0.532473215885339,0.5693227829202747,0.74
constant_2.6,3,15,14,0.5156420701064395,0.5167840309641976,0.5361455114398976,0.44
triad_odd_bal_0.45,6,27,6,0.5154255001492984,0.523787399223649,0.558483129292326,0.48
late_boost_bal_0.60,4,19,10,0.5151119559657681,0.5207855621464398,0.5538842956278771,0.54
late_boost_bal_0.60,0,3,14,0.514722610295521,0.5166597195184329,0.5377069830291094,0.54
triad_odd_bal_0.45,2,11,3,0.5146969244550612,0.5232690355329951,0.5602340997312631,0.6
triad_odd_bal_0.45,5,23,5,0.5145416542251418,0.5267599880561362,0.565232009555091,0.7
late_boost_bal_0.60,3,15,7,0.5145012176594981,0.5187559260701281,0.554183175686508,0.46
triad_odd_bal_0.45,3,15,2,0.5142788892206629,0.5271242759032546,0.5778644371454165,0.62
constant_2.6,7,31,5,0.5140384555357868,0.5169909011455505,0.5343688547616818,0.56
late_boost_bal_0.60,2,11,0,0.5135087679118093,0.5190870989167029,0.5378409637450473,0.56
triad_odd_bal_0.45,5,23,1,0.5134905942072261,0.5311849507315618,0.5594899970140341,0.76
triad_odd_bal_0.45,2,11,1,0.5134667064795462,0.5289256494475963,0.566731561660197,0.68
late_boost_bal_0.60,7,31,7,0.5134133400514547,0.5182548916321218,0.5378547053569384,0.56
late_boost_bal_0.60,5,23,0,0.5133255464199284,0.521079632640909,0.5504893540678989,0.56
late_boost_bal_0.60,7,31,4,0.512890395376711,0.5173090870225743,0.5472085442289046,0.48
triad_odd_bal_0.45,4,19,5,0.5128336816960287,0.5266176171991641,0.5511931919976112,0.74
triad_odd_bal_0.45,5,23,2,0.5125828605553897,0.5256969841743804,0.5522317109584951,0.72
triad_odd_bal_0.45,0,3,2,0.5123559271424305,0.5345502538071066,0.5724326664676023,0.86
triad_odd_bal_0.45,3,15,6,0.5119378919080322,0.5271362197670946,0.5608754852194685,0.76
late_boost_bal_0.60,7,31,15,0.5118750429425372,0.5219542098954875,0.5519711578834864,0.68
triad_odd_bal_0.45,6,27,13,0.5118303971334727,0.5259081516870708,0.5627876978202448,0.7
triad_odd_bal_0.45,7,31,15,0.5113526425798746,0.5230781725888325,0.5493693639892505,0.78
triad_odd_bal_0.45,7,31,1,0.5111257091669155,0.5246535682293222,0.5534075843535383,0.72
constant_2.6,4,19,3,0.511092642881668,0.515444329993445,0.5396069388519524,0.58
late_boost_bal_0.60,2,11,1,0.5106230294146837,0.5226281596164564,0.5534132637091663,0.72
triad_odd_bal_0.45,6,27,9,0.5103374141534787,0.5202933412959093,0.5493562257390265,0.7
triad_odd_bal_0.45,1,7,14,0.5101582561958794,0.5224539862645566,0.5559492385786802,0.78
triad_odd_bal_0.45,0,3,11,0.5099313227829203,0.5290066288444312,0.565462526127202,0.8
triad_odd_bal_0.45,0,3,13,0.5097879964168408,0.5232052553000895,0.5588474171394446,0.7
triad_odd_bal_0.45,2,11,15,0.5095491191400419,0.526277455957002,0.5540232905344878,0.82
late_boost_bal_0.60,7,31,2,0.5094626266327706,0.5191161089862508,0.547926161738772,0.74
triad_odd_bal_0.45,1,7,12,0.5094057927739624,0.5219982084204239,0.5536530307554494,0.68
triad_odd_bal_0.45,6,27,3,0.5091788593610033,0.5259227232009556,0.5573705583756345,0.8
triad_odd_bal_0.45,5,23,3,0.5090833084502837,0.5244681994625262,0.5602257390265751,0.76
triad_odd_bal_0.45,4,19,13,0.508987757539564,0.5259235592714243,0.5588444311734846,0.86
late_boost_bal_0.60,1,7,9,0.5089664017589263,0.519069387505821,0.5498026551847865,0.64
triad_odd_bal_0.45,5,23,12,0.5089160943565243,0.5286805613616004,0.5625864437145416,0.86
late_boost_bal_0.60,0,3,5,0.5085007138003954,0.5228588660116499,0.5486212582735954,0.76
triad_odd_bal_0.45,2,11,9,0.5084622275306061,0.5248747685876383,0.5635939086294416,0.72
triad_odd_bal_0.45,3,15,9,0.5083547327560467,0.5224900567333532,0.5549737234995521,0.78
triad_odd_bal_0.45,4,19,14,0.5082591818453269,0.5330185727082711,0.5782114063899672,0.76
late_boost_bal_0.60,0,3,11,0.5081571735031186,0.5186907297559338,0.5562589225049431,0.66
constant_2.6,1,7,2,0.5062232730904891,0.5158489402877922,0.5375733526859567,0.76
late_boost_bal_0.60,0,3,1,0.5061951766942262,0.521530357510936,0.5581777859209552,0.86
triad_odd_bal_0.45,7,31,8,0.506025679307256,0.5241280382203644,0.5580901761719916,0.8
triad_odd_bal_0.45,3,15,8,0.5059779038518961,0.5246100925649446,0.5593610032845626,0.9
baseline,7,31,14,0.5059615561482571,0.5152033845304882,0.542162604616941,0.78
triad_odd_bal_0.45,1,7,7,0.5059181845326963,0.5252820543445804,0.5783565243356226,0.76
triad_odd_bal_0.45,2,11,12,0.5053448790683787,0.5238707673932518,0.5519599880561362,0.9
triad_odd_bal_0.45,7,31,3,0.5052971036130188,0.523587458942968,0.5529528217378322,0.9
edges_narrow_bal_0.55,6,27,13,0.505066888885582,0.5283808276662552,0.57901296111665,0.88
triad_odd_bal_0.45,0,3,15,0.5049029561063004,0.5240441922962078,0.5623033741415349,0.84
late_boost_bal_0.60,3,15,6,0.5048133812762904,0.5249404148439943,0.563132782142012,0.9
late_boost_bal_0.60,0,3,7,0.5047904785898052,0.5237548191069478,0.5478162288436433,0.9
baseline,1,7,11,0.504754897452405,0.511829816977835,0.5301887243631013,0.72
triad_odd_bal_0.45,3,15,3,0.5045685279187817,0.5288828904150492,0.5662221558674232,0.92
triad_odd_bal_0.45,5,23,0,0.5041624365482233,0.5272477754553597,0.5643983278590623,0.92
triad_odd_bal_0.45,3,15,5,0.5036488504031055,0.5255882950134367,0.5557921767691848,0.92
late_boost_bal_0.60,7,31,0,0.5035155623754667,0.5209486292742139,0.5425520463550375,0.94
late_boost_bal_0.60,0,3,6,0.503339975112414,0.5224018810739834,0.551397445587034,0.9
late_boost_bal_0.60,4,19,11,0.5033323408835857,0.5229660505844,0.5466218537434441,0.98
triad_odd_bal_0.45,6,27,5,0.5029083308450284,0.5273084502836668,0.5658835473275604,0.98
late_boost_bal_0.60,1,7,2,0.5026376260602037,0.5231692737558116,0.5579697531853819,0.9
late_boost_bal_0.60,5,23,9,0.5022864515340983,0.518628892502424,0.5413473650459198,0.86
late_boost_bal_0.60,7,31,13,0.5015382971089175,0.5209503088045561,0.560913130110162,0.96
triad_odd_bal_0.45,1,7,13,0.5011764705882353,0.5294179755150792,0.5700895789787995,1.0
triad_odd_bal_0.45,1,7,0,0.500997312630636,0.5285656613914602,0.5661761719916393,0.96
triad_odd_bal_0.45,1,7,6,0.5009495371752761,0.5259420722603764,0.5673341295909227,0.98
triad_odd_bal_0.45,3,15,0,0.5006509405792774,0.5289249328157658,0.5626593012839652,1.0
late_boost_bal_0.60,1,7,13,0.5004618708441166,0.5204940872897724,0.5539461328813869,1.0
triad_odd_bal_0.45,2,11,4,0.5004359510301584,0.5232234099731263,0.5550970438936996,0.98
triad_odd_bal_0.45,3,15,1,0.5004120633024784,0.5287039713347268,0.5738847417139443,1.0
late_boost_bal_0.60,0,3,2,0.5002786493522358,0.5245777889746467,0.5580926642695188,1.0
